Sample	Watson-count	Crick-count	Non-conversion-count	non-conversion-rate	other-count
SFJ_10G	1	4	2	0.28571	0
SFJ_10Y	595	112	15	0.02078	7
SFJ_1R	28	37	3	0.04412	0
SFJ_1Y	646	6	13	0.01955	11
SFJ_2P	3	2	1	0.16667	0
SFJ_2R	104	40	3	0.02041	0
SFJ_4O	9	20	1	0.03333	0
SFJ_7P	120	3	2	0.01600	2
TFJ_1O	35	25	1	0.01639	1
TFJ_1Y	451	13	6	0.01277	3
TFJ_2O	13	4	1	0.05556	1
TFJ_2P	3	6	2	0.18182	1
TFJ_2R	23	23	1	0.02128	0
